source_center,destination_center,trip_count,median_actual_time,mean_actual_time,median_osrm_time,median_delay_ratio,mean_delay_ratio,std_delay_ratio,delay_pct,sla_breach_rate,chronic_delay_rate,median_distance,ftl_share,route_type_entropy,is_bottleneck_corridor,src_betweenness,dst_betweenness,src_pagerank,dst_pagerank,src_risk,dst_risk,src_community,dst_community,cross_community,corridor_risk,delay_pct_over_osrm,revenue_risk_proxy,corridor_label
IND212402AAA,IND211002AAB,65,1003.0,819.1076923076923,20.0,31.78787878787879,34.851052999079315,19.725079115560465,3078.787878787879,0.8,1.0,27.42914315045489,0.0,-1.4426951601859516e-10,True,0.0008060043492855,0.0088434257191645,0.0004624544248151,0.0028562121631972,0.3596302833067167,0.2482284429897205,1,1,0,0.3039293631482186,3078.787878787879,52.0,12402AAA → 11002AAB
IND208012AAA,IND209304AAA,33,465.0,369.3636363636364,15.0,27.2,22.183623911419964,19.839877918685485,2620.0,0.6060606060606061,0.9696969696969696,16.020357429474007,0.0,-1.4426951601859516e-10,True,0.0,0.0572664448239123,0.0003756859403864,0.0111358066055175,0.2934683091790362,0.3757694622956246,1,1,0,0.3346188857373304,2620.0,20.0,08012AAA → 09304AAA
IND416606AAA,IND416510AAA,50,1087.0,785.46,32.0,26.880917874396133,23.556107262598584,17.472494763113595,2588.0917874396137,0.8,1.0,29.04505775010153,0.0,-1.4426951601859516e-10,True,0.0,0.0016696586248668,0.0006384967144311,0.0007280047555062,0.3529274727092077,0.2953507001998749,5,5,0,0.3241390864545413,2588.091787439613,40.0,16606AAA → 16510AAA
IND425405AAA,IND424006AAA,18,1017.0,728.1111111111111,46.0,21.18558673469388,15.74896269283985,8.768345583480137,2018.558673469388,0.2222222222222222,1.0,55.97320960342723,1.0,-1.4426951601859516e-10,True,2.189237707430273e-06,0.0032778361574499,0.0003200541681064,0.0007228116390374,0.2133653104006128,0.2042064586386956,18,18,0,0.2087858845196541,2018.5586734693882,4.0,25405AAA → 24006AAA
IND743270AAA,IND712311AAA,5,1136.0,1133.6,73.0,15.35135135135135,15.364718720162122,0.3985217354849139,1435.135135135135,0.0,1.0,77.93856013120306,1.0,-1.4426951601859516e-10,True,0.0004031846111184,0.1077531853408643,0.0002867839652929,0.0140782831820626,0.0912474679042413,0.4946231001958118,0,0,0,0.2929352840500266,1435.135135135135,0.0,43270AAA → 12311AAA
IND722151AAA,IND723130AAA,10,986.5,755.5,69.5,14.207738095238096,10.9020274204266,6.597444200869892,1320.7738095238096,0.2,1.0,59.32059236413735,1.0,-1.4426951601859516e-10,True,0.0,0.0040329407300378,0.000411129365381,0.000831601614285,0.1659697053647164,0.1410789586375512,15,15,0,0.1535243320011338,1320.7738095238096,2.0,22151AAA → 23130AAA
IND208017AAA,IND209304AAA,13,134.0,158.30769230769232,12.0,12.181818181818182,12.099148496431106,8.24915424750335,1118.1818181818182,0.5384615384615384,1.0,12.022575373454078,0.0,-1.4426951601859516e-10,True,0.0,0.0572664448239123,0.0001128934352693,0.0111358066055175,0.1286780050111565,0.3757694622956246,1,1,0,0.2522237336533905,1118.1818181818182,7.0,08017AAA → 09304AAA
IND844505AAB,IND842001AAA,16,585.0,553.375,51.5,11.357466063348417,11.108327774189876,3.8079715735565984,1035.7466063348415,0.125,1.0,47.07902706858614,1.0,-1.4426951601859516e-10,True,0.0008060043492855,0.024700074434082,0.0004781047317496,0.0050999501325563,0.1418300841897866,0.2812413078187802,128,0,1,0.2115356960042834,1035.7466063348418,2.0,44505AAB → 42001AAA
IND221010AAB,IND233001AAA,8,425.5,398.375,43.5,10.491071428571429,8.89360645141895,3.9090684604573234,949.1071428571428,0.625,1.0,55.0406702166996,1.0,-1.4426951601859516e-10,True,0.0028675365237824,0.0020396397974225,0.00072796808949,0.0004668315498835,0.2220905718029,0.2227996931026399,22,22,0,0.22244513245277,949.1071428571429,5.0,21010AAB → 33001AAA
IND431131AAB,IND431603AAA,14,793.5,748.7142857142857,68.0,10.401964020465424,12.441279013542502,6.603388709013451,940.1964020465424,0.9285714285714286,1.0,67.76140835402053,0.0,-1.4426951601859516e-10,True,0.0,0.0048425938088357,0.0001128934352693,0.001612344220247,0.1677207664271892,0.2444057150374269,0,0,0,0.206063240732308,940.1964020465424,13.0,31131AAB → 31603AAA
IND847223AAA,IND842001AAA,19,647.0,549.5263157894736,64.0,9.953846153846154,9.039347461940952,4.015696453777441,895.3846153846154,0.2105263157894736,1.0,64.03380805136062,1.0,-1.4426951601859516e-10,True,0.0012084592145015,0.024700074434082,0.0006009177835352,0.0050999501325563,0.0920155270256757,0.2812413078187802,129,0,1,0.1866284174222279,895.3846153846154,3.9999999999999982,47223AAA → 42001AAA
IND395009AAA,IND395023AAD,21,150.0,143.71428571428572,16.0,9.666666666666666,9.242237256207844,2.3662684279630293,866.6666666666666,0.238095238095238,1.0,12.547696891981486,0.0,-1.4426951601859516e-10,True,0.0,1.787877461068056e-05,0.0002290587453243,0.0021536216539241,0.1570456251962772,0.1742144723648321,36,36,0,0.1656300487805546,866.6666666666666,4.999999999999998,95009AAA → 95023AAD
IND395001AAA,IND395023AAD,18,126.0,130.94444444444446,14.0,9.329670329670328,9.466768416768415,2.002046059453998,832.967032967033,0.2222222222222222,1.0,9.301565634654631,0.0,-1.4426951601859516e-10,True,0.0,1.787877461068056e-05,0.0002871414003519,0.0021536216539241,0.1279981316501147,0.1742144723648321,36,36,0,0.1511063020074734,832.9670329670329,4.0,95001AAA → 95023AAD
IND847226AAA,IND842001AAA,105,680.0,566.7333333333333,61.0,9.209876543209877,9.438599022383022,4.645777606793618,820.9876543209876,0.8,1.0,67.24463446112522,1.0,-1.4426951601859516e-10,True,0.0004031846111184,0.024700074434082,0.0006660591362734,0.0050999501325563,0.2195897051799008,0.2812413078187802,0,0,0,0.2504155064993405,820.9876543209876,84.0,47226AAA → 42001AAA
IND751002AAB,IND754103AAA,11,359.0,302.8181818181818,41.0,8.547619047619047,8.25112169036129,3.742818683690793,754.7619047619047,0.3636363636363636,1.0,32.18258160480691,1.0,-1.4426951601859516e-10,True,0.019942860895836,0.00121393230877,0.0086117895579939,0.0001677185627461,0.3253334647200285,0.1844401197692345,0,0,0,0.2548867922446315,754.7619047619047,3.9999999999999996,51002AAB → 54103AAA
IND147105AAA,IND160002AAC,28,567.0,491.6071428571428,57.5,8.45225916453538,8.111580106668443,4.893607585412609,745.225916453538,0.75,1.0,55.88146062300264,1.0,-1.4426951601859516e-10,True,0.0004053738488258,0.1754933082300743,0.0003161612908336,0.010075722007065,0.2185663758025202,0.5701715764151721,2,2,0,0.3943689761088462,745.225916453538,21.0,47105AAA → 60002AAC
IND847404AAB,IND842001AAA,46,580.0,497.69565217391306,73.0,8.294856459330143,8.089729862887236,3.224354658902396,729.4856459330142,0.6086956521739131,1.0,88.74687161217491,1.0,-1.4426951601859516e-10,True,0.0008060043492855,0.024700074434082,0.0005847299815787,0.0050999501325563,0.1908001208587785,0.2812413078187802,131,0,1,0.2360207143387793,729.4856459330143,28.0,47404AAB → 42001AAA
IND208019AAA,IND209304AAA,13,126.0,114.23076923076924,16.0,8.1875,7.815028680469857,5.6866364904595565,718.75,0.5384615384615384,1.0,12.148891129056052,0.0,-1.4426951601859516e-10,True,0.0,0.0572664448239123,0.0003381441539411,0.0111358066055175,0.1987504828375818,0.3757694622956246,1,1,0,0.2872599725666032,718.75,7.0,08019AAA → 09304AAA
IND211008AAA,IND211002AAB,18,121.0,296.55555555555554,14.5,8.165178571428571,20.189616402116403,26.755605727761107,716.5178571428571,0.6666666666666666,1.0,18.12336127059622,0.0,-1.4426951601859516e-10,True,0.0,0.0088434257191645,0.0001128934352693,0.0028562121631972,0.1227767663099027,0.2482284429897205,1,1,0,0.1855026046498116,716.5178571428571,12.0,11008AAA → 11002AAB
IND249201AAA,IND249407AAA,17,197.0,292.6470588235294,27.0,7.88,11.06258558435029,7.433789264722138,688.0,0.0,1.0,20.07208687296368,1.0,-1.4426951601859516e-10,True,0.0016196710305471,0.004033305602989,0.0003107126090925,0.0011314036340478,0.088548569337095,0.1727391531859312,58,0,1,0.1306438612615131,688.0,0.0,49201AAA → 49407AAA
IND721102AAA,IND712311AAA,20,677.5,588.5,92.0,7.73804347826087,7.211987641797201,2.2085297876716914,673.804347826087,0.35,1.0,102.11714656717032,1.0,-1.4426951601859516e-10,True,0.0024059722404658,0.1077531853408643,0.0002225843362752,0.0140782831820626,0.0961678823465322,0.4946231001958118,0,0,0,0.295395491271172,673.804347826087,7.0,21102AAA → 12311AAA
IND401602AAA,IND401501AAA,31,184.0,170.93548387096774,25.0,7.344827586206897,7.6539214739782,2.971289540489692,634.4827586206897,0.4516129032258064,1.0,19.657053885289745,0.0,-1.4426951601859516e-10,True,0.0,0.0,0.0007501755046973,0.0007501755046973,0.1869372650131655,0.1869372650131655,142,142,0,0.1869372650131655,634.4827586206897,13.999999999999998,01602AAA → 01501AAA
IND175015AAA,IND174001AAA,49,889.0,715.2244897959183,130.0,7.263157894736842,6.754442960889272,3.5082844503586066,626.3157894736843,0.7346938775510204,1.0,66.5237165374955,1.0,-1.4426951601859516e-10,True,0.0008078287140417,0.0024223915232715,0.0002904284944418,0.0006255875617903,0.2206769798073984,0.1329884424550086,2,2,0,0.1768327111312035,626.3157894736842,36.0,75015AAA → 74001AAA
IND829121AAA,IND834002AAB,57,398.0,316.859649122807,54.0,7.236363636363636,6.671638848484384,2.536314273928622,623.6363636363636,0.8070175438596491,1.0,39.16510448029517,0.0526315789473684,0.2974722486307506,True,0.0008060043492855,0.0063152210400338,0.0006860651164704,0.0032038122660365,0.2290847051981371,0.2795162862263911,0,0,0,0.2543004957122641,623.6363636363636,46.0,29121AAA → 34002AAB
IND283122AAB,IND282005AAA,7,145.0,388.0,21.0,6.590909090909091,18.437028447742733,19.46310884046755,559.0909090909091,0.5714285714285714,1.0,19.58667642377752,0.0,-1.4426951601859516e-10,True,0.0004042792299721,0.0,0.0002088553472484,0.0001572772000624,0.1628990733128655,0.1023313420254989,10,10,0,0.1326152076691822,559.0909090909091,4.0,83122AAB → 82005AAA
IND208006AAA,IND209304AAA,9,173.0,122.55555555555556,24.0,6.178571428571429,5.244469916717126,3.188835947965956,517.8571428571429,0.6666666666666666,1.0,18.36243187839353,0.0,-1.4426951601859516e-10,True,0.0,0.0572664448239123,0.0003694289759789,0.0111358066055175,0.2061287066735401,0.3757694622956246,1,1,0,0.2909490844845823,517.8571428571429,6.0,08006AAA → 09304AAA
IND828111AAA,IND826004AAA,14,67.5,109.21428571428572,11.0,6.136363636363637,9.720010381775086,8.669489431944829,513.6363636363636,0.3571428571428571,1.0,10.722871636364175,0.0,-1.4426951601859516e-10,True,0.0004035494840696,0.0267546740225053,0.0002484302127074,0.0026768124854413,0.1588014269581989,0.2873340276210149,1,1,0,0.2230677272896069,513.6363636363636,4.999999999999999,28111AAA → 26004AAA
IND395004AAB,IND395023AAD,7,87.0,99.28571428571428,15.0,6.090909090909091,7.204804345980817,2.9259640856755085,509.09090909090907,0.4285714285714285,1.0,12.647156358159137,0.0,-1.4426951601859516e-10,True,0.0,1.787877461068056e-05,0.0006065960030033,0.0021536216539241,0.1590040530552776,0.1742144723648321,36,36,0,0.1666092627100548,509.09090909090907,2.9999999999999996,95004AAB → 95023AAD
IND321001AAA,IND301001AAB,15,536.0,378.6,76.0,5.826086956521739,4.764508913737657,2.446765760104174,482.60869565217394,0.8,1.0,66.31193403353647,1.0,-1.4426951601859516e-10,True,0.000808193586993,0.0291019017178218,0.0007147839092684,0.001374893746374,0.1538808502291026,0.2604103115799334,49,49,0,0.207145580904518,482.60869565217394,12.0,21001AAA → 01001AAB
IND821109AAA,IND802213AAB,24,154.0,138.41666666666666,31.5,5.753787878787879,5.682915088383839,0.9781552449318692,475.3787878787879,0.5416666666666666,1.0,42.47040985252355,1.0,-1.4426951601859516e-10,True,0.0008103828247004,0.000808193586993,0.0001844886693264,0.0002697279592445,0.1913317756208251,0.1148853459445707,1,1,0,0.1531085607826979,475.3787878787879,13.0,21109AAA → 02213AAB
IND302020AAA,IND302014AAB,38,66.5,54.47368421052632,11.0,5.75,4.934157363104732,2.2535361440889794,475.0,0.5,1.0,9.729573974204168,0.0,-1.4426951601859516e-10,True,0.0,0.0001032590452004,0.0003653172237333,0.0031475735433485,0.1632105534833588,0.1937641781253868,14,14,0,0.1784873658043728,475.0,19.0,02020AAA → 02014AAB
IND485001AAC,IND486771AAA,25,416.0,394.56,72.0,5.698630136986301,5.440267691144002,2.406859527600389,469.8630136986301,0.8,0.92,67.02667210640432,1.0,-1.4426951601859516e-10,True,0.0070730621597559,0.0012361895587956,0.0017077830771932,0.0007751548629571,0.2467234230406251,0.1338622408030417,1,1,0,0.1902928319218334,469.8630136986301,20.0,85001AAC → 86771AAA
IND700065AAB,IND712310AAA,30,80.0,91.06666666666666,19.5,5.666193181818182,5.937274831649831,2.3262865542846867,466.6193181818181,0.5,1.0,12.158038893773204,0.0,-1.4426951601859516e-10,True,0.0,0.0,0.0001128934352693,0.0003048172592276,0.0883360434359061,0.0884642404379066,123,123,0,0.0884001419369063,466.6193181818182,15.0,00065AAB → 12310AAA
IND500050AAA,IND501218AAC,11,144.0,111.27272727272728,16.0,5.566666666666666,5.720770228468176,4.089982330513468,456.6666666666666,0.5454545454545454,0.9090909090909092,18.785660570382667,0.0,-1.4426951601859516e-10,True,0.0008070989681392,0.0,0.0006128803131539,0.0001937381360571,0.194792817705051,0.1031194951207618,0,0,0,0.1489561564129064,456.66666666666663,6.0,00050AAA → 01218AAC
IND331701AAA,IND125001AAA,6,343.0,250.66666666666663,55.5,5.484375,4.578774350649351,1.968286655673729,448.4375,0.6666666666666666,1.0,44.94708648418501,1.0,-1.4426951601859516e-10,True,0.0004031846111184,0.0088065735510895,0.0002253890607588,0.0015383257331084,0.1184025121836121,0.2413796920491024,11,11,0,0.1798911021163572,448.4375,4.0,31701AAA → 25001AAA
IND485771AAA,IND486771AAA,5,448.0,373.0,74.0,5.285714285714286,5.0444290444290445,2.2340599365608145,428.57142857142856,0.8,1.0,68.91854576832827,1.0,-1.4426951601859516e-10,True,0.0004175970926923,0.0012361895587956,0.0001826432980433,0.0007751548629571,0.1764917838057306,0.1338622408030417,1,1,0,0.1551770123043861,428.57142857142856,4.0,85771AAA → 86771AAA
IND209304AAA,IND208019AAA,36,77.5,77.88888888888889,15.0,5.258241758241758,5.192337718563209,1.6603690832073277,425.8241758241758,0.5,1.0,11.219957764160087,0.0,-1.4426951601859516e-10,True,0.0572664448239123,0.0,0.0111358066055175,0.0003381441539411,0.3757694622956246,0.1987504828375818,1,1,0,0.2872599725666032,425.8241758241758,18.0,09304AAA → 08019AAA
IND181201AAB,IND181152AAB,24,98.5,100.91666666666669,18.0,5.240384615384615,5.668952580150896,1.462038332540963,424.0384615384616,0.6666666666666666,1.0,18.22576909325902,0.0,-1.4426951601859516e-10,True,0.0,0.0020148284367383,0.0002713047752924,0.0003903861029633,0.2050839977296298,0.2114100815122479,2,2,0,0.2082470396209388,424.0384615384615,16.0,81201AAB → 81152AAB
IND211002AAB,IND211013AAA,17,69.0,66.23529411764706,14.0,5.222222222222222,5.533029878618114,0.9200103772556444,422.22222222222223,0.5882352941176471,1.0,17.732915949959885,0.0,-1.4426951601859516e-10,True,0.0088434257191645,0.0,0.0028562121631972,0.000268620512442,0.2482284429897205,0.0972530302911644,1,1,0,0.1727407366404424,422.22222222222223,10.0,11002AAB → 11013AAA
IND201301AAD,IND110037AAM,6,117.0,128.33333333333334,28.5,5.1923076923076925,5.17957468280049,1.1354105892867092,419.2307692307693,0.6666666666666666,1.0,20.27076181124974,0.0,-1.4426951601859516e-10,True,0.0,0.1761789045054512,0.0001513189746661,0.0101092179893563,0.2035033506865829,0.5909761988043842,1,1,0,0.3972397747454836,419.2307692307692,4.0,01301AAD → 10037AAM
IND712124AAA,IND712310AAE,5,106.0,102.2,13.0,5.076923076923077,6.402502760397498,2.523603959313764,407.6923076923077,0.4,1.0,10.29693847321932,0.0,-1.4426951601859516e-10,True,2.554110658668652e-06,0.0032590452004611,0.0003123804553449,0.0005820730686121,0.1511184768370932,0.2110968001080062,35,35,0,0.1811076384725497,407.6923076923077,2.0,12124AAA → 12310AAE
IND274304AAA,IND274304AAB,6,63.0,60.5,13.0,5.038461538461538,4.769230769230769,0.5817744738827398,403.8461538461538,0.0,1.0,18.134552590813595,1.0,-1.4426951601859516e-10,True,0.0,0.0004086577053869,0.0003243766394199,0.0005625762901762,0.1074672121555583,0.0931175728822351,21,21,0,0.1002923925188967,403.8461538461538,0.0,74304AAA → 74304AAB
IND403401AAA,IND403726AAB,6,158.5,211.8333333333333,29.0,4.99055829228243,7.174870213270579,6.736179262947495,399.055829228243,0.5,1.0,13.320584535191704,0.0,-1.4426951601859516e-10,True,0.0,7.297459024767576e-06,0.0005353455643211,0.0021763686474547,0.1591393171473694,0.1647792707621177,50,50,0,0.1619592939547436,399.05582922824306,3.0,03401AAA → 03726AAB
IND732139AAA,IND732103AAB,6,174.0,163.33333333333334,37.5,4.959183673469388,4.734024705453277,0.9134877031525062,395.9183673469388,0.8333333333333334,1.0,31.32487992408608,0.0,-1.4426951601859516e-10,True,6.567713122290818e-06,0.0032761942291694,0.0011557305993177,0.002113985025825,0.1817080465714116,0.238623032984961,24,24,0,0.2101655397781863,395.9183673469388,5.0,32139AAA → 32103AAB
IND501401AAC,IND500010AAA,21,74.0,87.0952380952381,14.0,4.933333333333334,6.669192447763876,4.680229202724104,393.33333333333337,0.3333333333333333,1.0,9.443441841012667,0.0,-1.4426951601859516e-10,True,0.0004035494840696,0.0020186596027263,0.0002951800249908,0.0006209487898777,0.1373698316793184,0.1852148095405028,81,81,0,0.1612923206099106,393.33333333333337,7.0,01401AAC → 00010AAA
IND781124AAA,IND781018AAB,16,120.0,130.0625,27.5,4.880208333333334,5.133730530518659,0.9296291513609288,388.02083333333337,0.625,1.0,22.191596962458146,0.0,-1.4426951601859516e-10,True,0.0,0.0618923040997124,0.0001886528394634,0.0044750765853312,0.2041003858995968,0.3718016433459813,1,1,0,0.2879510146227891,388.02083333333337,10.0,81124AAA → 81018AAB
IND530012AAA,IND764020AAC,15,350.0,341.46666666666664,70.0,4.714285714285714,5.281368539533743,1.5017414866957015,371.4285714285714,0.9333333333333332,1.0,72.8978028319029,0.0,-1.4426951601859516e-10,True,0.0317494198520075,0.0016196710305471,0.0045128515061289,0.0001938307902296,0.3101286362501601,0.2149918690805566,6,6,0,0.2625602526653584,371.42857142857144,13.999999999999998,30012AAA → 64020AAC
IND624601AAA,IND624001AAA,6,199.0,201.3333333333333,45.0,4.661844863731656,5.345160409122673,1.58493610179676,366.1844863731656,0.6666666666666666,1.0,44.39278653252947,1.0,-1.4426951601859516e-10,True,2.043288526934921e-05,2.116263117182597e-05,0.0008454269167963,0.0003322603754594,0.1455305436874909,0.1696297670907704,8,8,0,0.1575801553891306,366.1844863731656,4.0,24601AAA → 24001AAA
IND796009AAA,IND796321AAB,13,563.0,491.84615384615387,128.0,4.6484375,4.734355981947616,0.8609341222447232,364.84375,0.6923076923076923,1.0,66.38654021614973,1.0,-1.4426951601859516e-10,True,0.0,0.0,0.0007501755046973,0.0007501755046973,0.2134607205853976,0.2134607205853976,158,158,0,0.2134607205853976,364.84375,9.0,96009AAA → 96321AAB
IND742225AAA,IND742223AAA,32,36.0,36.5,8.5,4.619047619047619,4.463876488095238,0.6416052798388324,361.9047619047619,0.5,1.0,9.46678260192166,0.0,-1.4426951601859516e-10,True,0.0008092882058467,0.0012128376899163,0.0002918967357465,0.0003610160812885,0.189044534727852,0.184142008000327,16,16,0,0.1865932713640895,361.90476190476187,16.0,42225AAA → 42223AAA
